{"cameraMode":{"drawMode":0,"name":"Shaded","section":"Shading Mode"},"sceneLighting":true,"audioPlay":false,"sceneViewState":{"m_AlwaysRefresh":false,"showFog":true,"showSkybox":true,"showFlares":true,"showImageEffects":true,"showParticleSystems":true,"showVisualEffectGraphs":true,"m_FxEnabled":true},"in2DMode":false,"pivot":{"x":17.521629333496095,"y":12.64708423614502,"z":51.230587005615237},"rotation":{"x":0.003908280748873949,"y":0.9935318827629089,"z":-0.10772070288658142,"w":0.036077093333005908},"size":12.46290111541748,"orthographic":false}