{"cameraMode":{"drawMode":0,"name":"Shaded","section":"Shading Mode"},"sceneLighting":true,"audioPlay":false,"sceneViewState":{"m_AlwaysRefresh":false,"showFog":true,"showSkybox":true,"showFlares":true,"showImageEffects":true,"showParticleSystems":true,"showVisualEffectGraphs":true,"m_FxEnabled":true},"in2DMode":false,"pivot":{"x":940.8009643554688,"y":492.8158874511719,"z":-1303.697021484375},"rotation":{"x":0.014810407534241677,"y":-0.15831364691257478,"z":0.0023748844396322967,"w":0.9872779846191406},"size":1.0974795818328858,"orthographic":false}